Halfgalg,city_name_repetition,Ontstoppingsdienst Halfgalg - Services Janssens lost leidingproblemen op in Halfgalg,nearby_cities_service,Wij bieden ook diensten in Herentals Westerlo en Kasterlee,postal_code_region_info,Ontstoppingsdienst actief in 2200 Halfgalg met meer dan 3 jaar ervaring,local_landmarks_reference,Nabij Halfgalg woongebied en industriezone,localized_testimonial_faq,Veel klanten in Halfgalg vragen ons: Kunnen jullie ook grondwaterpompen ontstoppen?,directions_map_text,Vanuit Halfgalg bereikbaar via A13 - Services Janssens komt binnen 35 minuten,emergency_cta_city,Bel onze Halfgalg expert 24/7: 0460 96 68 12 voor spoedgevallen
Hallaar,city_name_repetition,Ontstoppingsdienst Hallaar - Services Janssens helpt snel in Hallaar,nearby_cities_service,Wij bieden ook diensten in Heist-op-den-Berg Booischot en Itegem,postal_code_region_info,Ontstoppingsdienst actief in 2221 Hallaar met meer dan 3 jaar ervaring,local_landmarks_reference,Nabij Hallaar centrum en lokale bedrijvenzone,localized_testimonial_faq,Veel klanten in Hallaar vragen ons: Werken jullie ook voor bedrijfspanden?,directions_map_text,Vanuit Hallaar bereikbaar via A13 - Services Janssens komt binnen 35 minuten,emergency_cta_city,Bel onze Hallaar expert 24/7: 0460 96 68 12 voor spoedgevallen
Halle,city_name_repetition,Ontstoppingsdienst Halle - Services Janssens biedt ontstopping in Halle,nearby_cities_service,Wij bieden ook diensten in Sint-Pieters-Leeuw Beersel en Lembeek,postal_code_region_info,Ontstoppingsdienst actief in 1500 Halle met meer dan 3 jaar ervaring,local_landmarks_reference,Nabij Halle centrum en Basiliek van Halle,localized_testimonial_faq,Veel klanten in Halle vragen ons: Kunnen jullie ook in Vlaams-Brabant werken?,directions_map_text,Vanuit Halle bereikbaar via A8 - Services Janssens komt binnen 40 minuten,emergency_cta_city,Bel onze Halle expert 24/7: 0460 96 68 12 voor spoedgevallen
Heffen,city_name_repetition,Ontstoppingsdienst Heffen - Services Janssens lost verstoppingen op in Heffen,nearby_cities_service,Wij bieden ook diensten in Mechelen Leest en Hombeek,postal_code_region_info,Ontstoppingsdienst actief in 2801 Heffen met meer dan 3 jaar ervaring,local_landmarks_reference,Nabij Heffen woonwijk en Dijle rivier,localized_testimonial_faq,Veel klanten in Heffen vragen ons: Hoe lang is de wachttijd voor een afspraak?,directions_map_text,Vanuit Heffen bereikbaar via A12 - Services Janssens komt binnen 25 minuten,emergency_cta_city,Bel onze Heffen expert 24/7: 0460 96 68 12 voor spoedgevallen
Heindonk,city_name_repetition,Ontstoppingsdienst Heindonk - Services Janssens helpt bij leidingproblemen in Heindonk,nearby_cities_service,Wij bieden ook diensten in Willebroek Puurs en Mechelen,postal_code_region_info,Ontstoppingsdienst actief in 2830 Heindonk met meer dan 3 jaar ervaring,local_landmarks_reference,Nabij Heindonk woongebied en Schelde vallei,localized_testimonial_faq,Veel klanten in Heindonk vragen ons: Kunnen jullie ook preventief onderhoud doen?,directions_map_text,Vanuit Heindonk bereikbaar via A12 - Services Janssens komt binnen 30 minuten,emergency_cta_city,Bel onze Heindonk expert 24/7: 0460 96 68 12 voor spoedgevallen
Heist-Goor,city_name_repetition,Ontstoppingsdienst Heist-Goor - Services Janssens biedt snelle hulp in Heist-Goor,nearby_cities_service,Wij bieden ook diensten in Heist-op-den-Berg Nijlen en Lier,postal_code_region_info,Ontstoppingsdienst actief in 2220 Heist-Goor met meer dan 3 jaar ervaring,local_landmarks_reference,Nabij Heist-Goor centrum en natuurgebied Zammelsbroek,localized_testimonial_faq,Veel klanten in Heist-Goor vragen ons: Werken jullie ook in landelijke gebieden?,directions_map_text,Vanuit Heist-Goor bereikbaar via A13 - Services Janssens komt binnen 30 minuten,emergency_cta_city,Bel onze Heist-Goor expert 24/7: 0460 96 68 12 voor spoedgevallen
Heist-op-den-Berg,city_name_repetition,Ontstoppingsdienst Heist-op-den-Berg - Services Janssens lost snel verstoppingen op in Heist-op-den-Berg,nearby_cities_service,Wij bieden ook diensten in Nijlen Berlaar en Itegem,postal_code_region_info,Ontstoppingsdienst actief in 2220 Heist-op-den-Berg met meer dan 3 jaar ervaring,local_landmarks_reference,Nabij Heist-op-den-Berg centrum en De Zammelsbroekbossen,localized_testimonial_faq,Veel klanten in Heist-op-den-Berg vragen ons: Hoe voorkom ik herhaaldelijke verstoppingen?,directions_map_text,Vanuit Heist-op-den-Berg bereikbaar via A13 - Services Janssens komt binnen 30 minuten,emergency_cta_city,Bel onze Heist-op-den-Berg expert 24/7: 0460 96 68 12 voor spoedgevallen
Hemiksem,city_name_repetition,Ontstoppingsdienst Hemiksem - Services Janssens helpt bij verstoppingen in Hemiksem,nearby_cities_service,Wij bieden ook diensten in Schelle Aartselaar en Rumst,postal_code_region_info,Ontstoppingsdienst actief in 2620 Hemiksem met meer dan 3 jaar ervaring,local_landmarks_reference,Nabij Hemiksem centrum en Schelde rivier,localized_testimonial_faq,Veel klanten in Hemiksem vragen ons: Kunnen jullie ook doucheafvoeren ontstoppen?,directions_map_text,Vanuit Hemiksem bereikbaar via A12 - Services Janssens komt binnen 25 minuten,emergency_cta_city,Bel onze Hemiksem expert 24/7: 0460 96 68 12 voor spoedgevallen
Herentals,city_name_repetition,Ontstoppingsdienst Herentals - Services Janssens biedt professionele ontstopping in Herentals,nearby_cities_service,Wij bieden ook diensten in Grobbendonk Vorselaar en Olen,postal_code_region_info,Ontstoppingsdienst actief in 2200 Herentals met meer dan 3 jaar ervaring,local_landmarks_reference,Nabij Herentals centrum en Grote Markt,localized_testimonial_faq,Veel klanten in Herentals vragen ons: Wat kost een spoedinterventie?,directions_map_text,Vanuit Herentals bereikbaar via A13 - Services Janssens komt binnen 35 minuten,emergency_cta_city,Bel onze Herentals expert 24/7: 0460 96 68 12 voor spoedgevallen
Herenthout,city_name_repetition,Ontstoppingsdienst Herenthout - Services Janssens lost leidingproblemen op in Herenthout,nearby_cities_service,Wij bieden ook diensten in Vorselaar Olen en Grobbendonk,postal_code_region_info,Ontstoppingsdienst actief in 2270 Herenthout met meer dan 3 jaar ervaring,local_landmarks_reference,Nabij Herenthout centrum en Nete rivier,localized_testimonial_faq,Veel klanten in Herenthout vragen ons: Hoe snel kunnen jullie een riool ontstoppen?,directions_map_text,Vanuit Herenthout bereikbaar via A13 - Services Janssens komt binnen 35 minuten,emergency_cta_city,Bel onze Herenthout expert 24/7: 0460 96 68 12 voor spoedgevallen
Herselt,city_name_repetition,Ontstoppingsdienst Herselt - Services Janssens helpt snel bij verstoppingen in Herselt,nearby_cities_service,Wij bieden ook diensten in Aarschot Westerlo en Hulshout,postal_code_region_info,Ontstoppingsdienst actief in 2230 Herselt met meer dan 3 jaar ervaring,local_landmarks_reference,Nabij Herselt centrum en Grote Nete,localized_testimonial_faq,Veel klanten in Herselt vragen ons: Werken jullie ook in het weekend?,directions_map_text,Vanuit Herselt bereikbaar via A13 - Services Janssens komt binnen 40 minuten,emergency_cta_city,Bel onze Herselt expert 24/7: 0460 96 68 12 voor spoedgevallen
Heultje,city_name_repetition,Ontstoppingsdienst Heultje - Services Janssens biedt ontstopping in Heultje,nearby_cities_service,Wij bieden ook diensten in Westerlo Geel en Olen,postal_code_region_info,Ontstoppingsdienst actief in 2275 Heultje met meer dan 3 jaar ervaring,local_landmarks_reference,Nabij Heultje woonwijk en natuurgebied,localized_testimonial_faq,Veel klanten in Heultje vragen ons: Kunnen jullie ook camera-inspecties doen?,directions_map_text,Vanuit Heultje bereikbaar via N19 - Services Janssens komt binnen 40 minuten,emergency_cta_city,Bel onze Heultje expert 24/7: 0460 96 68 12 voor spoedgevallen
Hingene,city_name_repetition,Ontstoppingsdienst Hingene - Services Janssens lost verstoppingen op in Hingene,nearby_cities_service,Wij bieden ook diensten in Bornem Puurs en Temse,postal_code_region_info,Ontstoppingsdienst actief in 2880 Hingene met meer dan 3 jaar ervaring,local_landmarks_reference,Nabij Hingene centrum en Schelde rivier,localized_testimonial_faq,Veel klanten in Hingene vragen ons: Hoe lang duurt een gemiddelde interventie?,directions_map_text,Vanuit Hingene bereikbaar via A12 - Services Janssens komt binnen 30 minuten,emergency_cta_city,Bel onze Hingene expert 24/7: 0460 96 68 12 voor spoedgevallen
Hoboken,city_name_repetition,Ontstoppingsdienst Hoboken - Services Janssens helpt bij leidingproblemen in Hoboken,nearby_cities_service,Wij bieden ook diensten in Antwerpen Wilrijk en Hemiksem,postal_code_region_info,Ontstoppingsdienst actief in 2660 Hoboken met meer dan 3 jaar ervaring,local_landmarks_reference,Nabij Hoboken centrum en haven van Antwerpen,localized_testimonial_faq,Veel klanten in Hoboken vragen ons: Werken jullie ook in havengebieden?,directions_map_text,Vanuit Hoboken bereikbaar via Ring Antwerpen - Services Janssens komt binnen 20 minuten,emergency_cta_city,Bel onze Hoboken expert 24/7: 0460 96 68 12 voor spoedgevallen
Hombeek,city_name_repetition,Ontstoppingsdienst Hombeek - Services Janssens biedt snelle hulp in Hombeek,nearby_cities_service,Wij bieden ook diensten in Mechelen Leest en Heffen,postal_code_region_info,Ontstoppingsdienst actief in 2811 Hombeek met meer dan 3 jaar ervaring,local_landmarks_reference,Nabij Hombeek station en Dijle rivier,localized_testimonial_faq,Veel klanten in Hombeek vragen ons: Kunnen jullie vandaag nog komen?,directions_map_text,Vanuit Hombeek bereikbaar via A12 - Services Janssens komt binnen 25 minuten,emergency_cta_city,Bel onze Hombeek expert 24/7: 0460 96 68 12 voor spoedgevallen
Hoogstraten,city_name_repetition,Ontstoppingsdienst Hoogstraten - Services Janssens lost snel verstoppingen op in Hoogstraten,nearby_cities_service,Wij bieden ook diensten in Merksplas Rijkevorsel en Meer,postal_code_region_info,Ontstoppingsdienst actief in 2320 Hoogstraten met meer dan 3 jaar ervaring,local_landmarks_reference,Nabij Hoogstraten centrum en Sint-Katharienkerk,localized_testimonial_faq,Veel klanten in Hoogstraten vragen ons: Werken jullie ook vlak bij de Nederlandse grens?,directions_map_text,Vanuit Hoogstraten bereikbaar via N11 - Services Janssens komt binnen 40 minuten,emergency_cta_city,Bel onze Hoogstraten expert 24/7: 0460 96 68 12 voor spoedgevallen
Houtvenne,city_name_repetition,Ontstoppingsdienst Houtvenne - Services Janssens helpt bij verstoppingen in Houtvenne,nearby_cities_service,Wij bieden ook diensten in Westerlo Geel en Mol,postal_code_region_info,Ontstoppingsdienst actief in 2275 Houtvenne met meer dan 3 jaar ervaring,local_landmarks_reference,Nabij Houtvenne woongebied en bosrijke omgeving,localized_testimonial_faq,Veel klanten in Houtvenne vragen ons: Hoe voorkom ik verstoppingen door bladeren?,directions_map_text,Vanuit Houtvenne bereikbaar via N19 - Services Janssens komt binnen 45 minuten,emergency_cta_city,Bel onze Houtvenne expert 24/7: 0460 96 68 12 voor spoedgevallen
Hove,city_name_repetition,Ontstoppingsdienst Hove - Services Janssens biedt ontstopping in Hove,nearby_cities_service,Wij bieden ook diensten in Edegem Kontich en Boechout,postal_code_region_info,Ontstoppingsdienst actief in 2540 Hove met meer dan 3 jaar ervaring,local_landmarks_reference,Nabij Hove centrum en Fort van Hove,localized_testimonial_faq,Veel klanten in Hove vragen ons: Kunnen jullie ook keukenleidingen ontstoppen?,directions_map_text,Vanuit Hove bereikbaar via Ring Antwerpen - Services Janssens komt binnen 25 minuten,emergency_cta_city,Bel onze Hove expert 24/7: 0460 96 68 12 voor spoedgevallen
Hulshout,city_name_repetition,Ontstoppingsdienst Hulshout - Services Janssens lost leidingproblemen op in Hulshout,nearby_cities_service,Wij bieden ook diensten in Westerlo Herselt en Herentals,postal_code_region_info,Ontstoppingsdienst actief in 2235 Hulshout met meer dan 3 jaar ervaring,local_landmarks_reference,Nabij Hulshout centrum en Grote Nete,localized_testimonial_faq,Veel klanten in Hulshout vragen ons: Wat zijn jullie tarieven voor noodgevallen?,directions_map_text,Vanuit Hulshout bereikbaar via A13 - Services Janssens komt binnen 40 minuten,emergency_cta_city,Bel onze Hulshout expert 24/7: 0460 96 68 12 voor spoedgevallen
Itegem,city_name_repetition,Ontstoppingsdienst Itegem - Services Janssens helpt snel in Itegem,nearby_cities_service,Wij bieden ook diensten in Heist-op-den-Berg Booischot en Hallaar,postal_code_region_info,Ontstoppingsdienst actief in 2222 Itegem met meer dan 3 jaar ervaring,local_landmarks_reference,Nabij Itegem centrum en lokale woonwijken,localized_testimonial_faq,Veel klanten in Itegem vragen ons: Hoe snel kunnen jullie een toilet ontstoppen?,directions_map_text,Vanuit Itegem bereikbaar via A13 - Services Janssens komt binnen 35 minuten,emergency_cta_city,Bel onze Itegem expert 24/7: 0460 96 68 12 voor spoedgevallen
Kalfort,city_name_repetition,Ontstoppingsdienst Kalfort - Services Janssens biedt ontstopping in Kalfort,nearby_cities_service,Wij bieden ook diensten in Stabroek Kapellen en Antwerpen,postal_code_region_info,Ontstoppingsdienst actief in 2950 Kalfort met meer dan 3 jaar ervaring,local_landmarks_reference,Nabij Kalfort woonwijk en havengebied,localized_testimonial_faq,Veel klanten in Kalfort vragen ons: Werken jullie ook in industriegebieden?,directions_map_text,Vanuit Kalfort bereikbaar via A12 - Services Janssens komt binnen 30 minuten,emergency_cta_city,Bel onze Kalfort expert 24/7: 0460 96 68 12 voor spoedgevallen
Kalmthout,city_name_repetition,Ontstoppingsdienst Kalmthout - Services Janssens lost verstoppingen op in Kalmthout,nearby_cities_service,Wij bieden ook diensten in Essen Stabroek en Wuustwezel,postal_code_region_info,Ontstoppingsdienst actief in 2920 Kalmthout met meer dan 3 jaar ervaring,local_landmarks_reference,Nabij Kalmthout centrum en Kalmthoutse Heide,localized_testimonial_faq,Veel klanten in Kalmthout vragen ons: Kunnen jullie ook in natuurgebieden werken?,directions_map_text,Vanuit Kalmthout bereikbaar via A1 - Services Janssens komt binnen 35 minuten,emergency_cta_city,Bel onze Kalmthout expert 24/7: 0460 96 68 12 voor spoedgevallen
Kapellen,city_name_repetition,Ontstoppingsdienst Kapellen - Services Janssens helpt bij leidingproblemen in Kapellen,nearby_cities_service,Wij bieden ook diensten in Stabroek Brasschaat en Ekeren,postal_code_region_info,Ontstoppingsdienst actief in 2950 Kapellen met meer dan 3 jaar ervaring,local_landmarks_reference,Nabij Kapellen centrum en Hoevense Beemden,localized_testimonial_faq,Veel klanten in Kapellen vragen ons: Hoe lang is de wachttijd bij een spoedgeval?,directions_map_text,Vanuit Kapellen bereikbaar via A12 - Services Janssens komt binnen 30 minuten,emergency_cta_city,Bel onze Kapellen expert 24/7: 0460 96 68 12 voor spoedgevallen
Kasterlee,city_name_repetition,Ontstoppingsdienst Kasterlee - Services Janssens biedt snelle hulp in Kasterlee,nearby_cities_service,Wij bieden ook diensten in Tielen Lichtaart en Turnhout,postal_code_region_info,Ontstoppingsdienst actief in 2460 Kasterlee met meer dan 3 jaar ervaring,local_landmarks_reference,Nabij Kasterlee centrum en Kempense bossen,localized_testimonial_faq,Veel klanten in Kasterlee vragen ons: Werken jullie ook in bosrijke gebieden?,directions_map_text,Vanuit Kasterlee bereikbaar via N71 - Services Janssens komt binnen 45 minuten,emergency_cta_city,Bel onze Kasterlee expert 24/7: 0460 96 68 12 voor spoedgevallen
Katanga,city_name_repetition,Ontstoppingsdienst Katanga - Services Janssens lost snel verstoppingen op in Katanga,nearby_cities_service,Wij bieden ook diensten in Olen Westerlo en Geel,postal_code_region_info,Ontstoppingsdienst actief in 2260 Katanga met meer dan 3 jaar ervaring,local_landmarks_reference,Nabij Katanga woonwijk en industriegebied,localized_testimonial_faq,Veel klanten in Katanga vragen ons: Kunnen jullie ook rioolpompen onderhouden?,directions_map_text,Vanuit Katanga bereikbaar via A13 - Services Janssens komt binnen 40 minuten,emergency_cta_city,Bel onze Katanga expert 24/7: 0460 96 68 12 voor spoedgevallen
Kauwendael,city_name_repetition,Ontstoppingsdienst Kauwendael - Services Janssens helpt bij verstoppingen in Kauwendael,nearby_cities_service,Wij bieden ook diensten in Malle Zoersel en Lille,postal_code_region_info,Ontstoppingsdienst actief in 2390 Kauwendael met meer dan 3 jaar ervaring,local_landmarks_reference,Nabij Kauwendael woongebied en lokale bossen,localized_testimonial_faq,Veel klanten in Kauwendael vragen ons: Hoe voorkom ik herhaaldelijke verstoppingen?,directions_map_text,Vanuit Kauwendael bereikbaar via N14 - Services Janssens komt binnen 40 minuten,emergency_cta_city,Bel onze Kauwendael expert 24/7: 0460 96 68 12 voor spoedgevallen
Lier,city_name_repetition,Ontstoppingsdienst Lier - Services Janssens biedt professionele ontstopping in Lier,nearby_cities_service,Wij bieden ook diensten in Nijlen Duffel en Berlaar,postal_code_region_info,Ontstoppingsdienst actief in 2500 Lier met meer dan 3 jaar ervaring,local_landmarks_reference,Nabij Lier centrum Zimmer toren en Grote Markt,localized_testimonial_faq,Veel klanten in Lier vragen ons: Kunnen jullie ook in historische gebouwen werken?,directions_map_text,Vanuit Lier bereikbaar via A13 - Services Janssens komt binnen 25 minuten,emergency_cta_city,Bel onze Lier expert 24/7: 0460 96 68 12 voor spoedgevallen
Malle,city_name_repetition,Ontstoppingsdienst Malle - Services Janssens lost leidingproblemen op in Malle,nearby_cities_service,Wij bieden ook diensten in Zoersel Lille en Westmalle,postal_code_region_info,Ontstoppingsdienst actief in 2390 Malle met meer dan 3 jaar ervaring,local_landmarks_reference,Nabij Malle centrum en Trappist Abdij Westmalle,localized_testimonial_faq,Veel klanten in Malle vragen ons: Werken jullie ook rond kloosters en abdijen?,directions_map_text,Vanuit Malle bereikbaar via N14 - Services Janssens komt binnen 35 minuten,emergency_cta_city,Bel onze Malle expert 24/7: 0460 96 68 12 voor spoedgevallen
Mariekerke,city_name_repetition,Ontstoppingsdienst Mariekerke - Services Janssens biedt ontstopping in Mariekerke,nearby_cities_service,Wij bieden ook diensten in Bornem Temse en Sint-Amands,postal_code_region_info,Ontstoppingsdienst actief in 2880 Mariekerke met meer dan 3 jaar ervaring,local_landmarks_reference,Nabij Mariekerke woonwijk en Schelde rivier,localized_testimonial_faq,Veel klanten in Mariekerke vragen ons: Kunnen jullie ook afvoerleidingen reinigen?,directions_map_text,Vanuit Mariekerke bereikbaar via A12 - Services Janssens komt binnen 30 minuten,emergency_cta_city,Bel onze Mariekerke expert 24/7: 0460 96 68 12 voor spoedgevallen
Massenhoven,city_name_repetition,Ontstoppingsdienst Massenhoven - Services Janssens helpt snel in Massenhoven,nearby_cities_service,Wij bieden ook diensten in Zandhoven Wijnegem en Wommelgem,postal_code_region_info,Ontstoppingsdienst actief in 2390 Massenhoven met meer dan 3 jaar ervaring,local_landmarks_reference,Nabij Massenhoven woongebied en A1 autosnelweg,localized_testimonial_faq,Veel klanten in Massenhoven vragen ons: Hoe snel zijn jullie ter plaatse?,directions_map_text,Vanuit Massenhoven bereikbaar via A1 - Services Janssens komt binnen 25 minuten,emergency_cta_city,Bel onze Massenhoven expert 24/7: 0460 96 68 12 voor spoedgevallen
Mechelen,city_name_repetition,Ontstoppingsdienst Mechelen - Services Janssens biedt professionele ontstopping in Mechelen,nearby_cities_service,Wij bieden ook diensten in Hombeek Leest en Walem,postal_code_region_info,Ontstoppingsdienst actief in 2800 Mechelen met meer dan 3 jaar ervaring,local_landmarks_reference,Nabij Mechelen centrum Sint-Romboutskathedraal en Grote Markt,localized_testimonial_faq,Veel klanten in Mechelen vragen ons: Werken jullie ook in het historisch centrum?,directions_map_text,Vanuit Mechelen bereikbaar via A12 - Services Janssens komt binnen 20 minuten,emergency_cta_city,Bel onze Mechelen expert 24/7: 0460 96 68 12 voor spoedgevallenCity,Keyword_1_English,Content_1_Dutch,Keyword_2_English,Content_2_Dutch,Keyword_3_English,Content_3_Dutch,Keyword_4_English,Content_4_Dutch,Keyword_5_English,Content_5_Dutch,Keyword_6_English,Content_6_Dutch,Keyword_7_English,Content_7_Dutch
Aartselaar,city_name_repetition,Ontstoppingsdienst Aartselaar - Services Janssens biedt professionele ontstopping in heel Aartselaar,nearby_cities_service,Wij bieden ook diensten in Boom Hemiksem en Schelle,postal_code_region_info,Ontstoppingsdienst actief in 2630 Aartselaar met meer dan 3 jaar ervaring,local_landmarks_reference,Nabij Aartselaar centrum en Fort van Aartselaar,localized_testimonial_faq,Veel klanten in Aartselaar vragen ons: Hoe snel kunnen jullie ter plaatse zijn?,directions_map_text,Vanuit Aartselaar bereikbaar via A12 - Services Janssens komt binnen 30 minuten,emergency_cta_city,Bel onze Aartselaar expert 24/7: 0460 96 68 12 voor spoedgevallen
Achterbos,city_name_repetition,Ontstoppingsdienst Achterbos - Services Janssens lost alle verstoppingen op in Achterbos,nearby_cities_service,Wij bieden ook diensten in Brasschaat Schilde en Wuustwezel,postal_code_region_info,Ontstoppingsdienst actief in 2382 Achterbos met meer dan 3 jaar ervaring,local_landmarks_reference,Nabij Achterbos natuurgebied en lokale woonwijken,localized_testimonial_faq,Veel klanten in Achterbos vragen ons: Werken jullie ook in kleinere gemeenten?,directions_map_text,Vanuit Achterbos bereikbaar via N111 - Services Janssens komt binnen 45 minuten,emergency_cta_city,Bel onze Achterbos expert 24/7: 0460 96 68 12 voor spoedgevallen
Antwerpen,city_name_repetition,Ontstoppingsdienst Antwerpen - Services Janssens biedt snelle ontstopping door heel Antwerpen,nearby_cities_service,Wij bieden ook diensten in Borgerhout Deurne en Berchem,postal_code_region_info,Ontstoppingsdienst actief in 2000 Antwerpen met meer dan 3 jaar ervaring,local_landmarks_reference,Nabij Antwerpen Centraal Station en Grote Markt,localized_testimonial_faq,Veel klanten in Antwerpen vragen ons: Kunnen jullie snel komen in het centrum?,directions_map_text,Vanuit Antwerpen bereikbaar via Ring - Services Janssens komt binnen 20 minuten,emergency_cta_city,Bel onze Antwerpen expert 24/7: 0460 96 68 12 voor spoedgevallen
Arendonk,city_name_repetition,Ontstoppingsdienst Arendonk - Services Janssens helpt bij alle verstoppingen in Arendonk,nearby_cities_service,Wij bieden ook diensten in Ravels Turnhout en Retie,postal_code_region_info,Ontstoppingsdienst actief in 2370 Arendonk met meer dan 3 jaar ervaring,local_landmarks_reference,Nabij Arendonk centrum en De Watering natuurpark,localized_testimonial_faq,Veel klanten in Arendonk vragen ons: Hoe laat kunnen jullie langskomen?,directions_map_text,Vanuit Arendonk bereikbaar via N18 - Services Janssens komt binnen 40 minuten,emergency_cta_city,Bel onze Arendonk expert 24/7: 0460 96 68 12 voor spoedgevallen
Aalst,city_name_repetition,Ontstoppingsdienst Aalst - Services Janssens lost snel alle leidingproblemen op in Aalst,nearby_cities_service,Wij bieden ook diensten in Denderleeuw Affligem en Erpe-Mere,postal_code_region_info,Ontstoppingsdienst actief in 9300 Aalst met meer dan 3 jaar ervaring,local_landmarks_reference,Nabij Aalst station en Grote Markt Aalst,localized_testimonial_faq,Veel klanten in Aalst vragen ons: Wat kost een standaard ontstopping?,directions_map_text,Vanuit Aalst bereikbaar via A10 - Services Janssens komt binnen 35 minuten,emergency_cta_city,Bel onze Aalst expert 24/7: 0460 96 68 12 voor spoedgevallen
Brussel,city_name_repetition,Ontstoppingsdienst Brussel - Services Janssens biedt professionele ontstopping in heel Brussel,nearby_cities_service,Wij bieden ook diensten in Anderlecht Schaarbeek en Ixelles,postal_code_region_info,Ontstoppingsdienst actief in 1000 Brussel met meer dan 3 jaar ervaring,local_landmarks_reference,Nabij Brussel Centraal Atomium en Europese wijk,localized_testimonial_faq,Veel klanten in Brussel vragen ons: Werken jullie ook in het centrum?,directions_map_text,Vanuit Brussel bereikbaar via Ring R0 - Services Janssens komt binnen 25 minuten,emergency_cta_city,Bel onze Brussel expert 24/7: 0460 96 68 12 voor spoedgevallen
Brugge,city_name_repetition,Ontstoppingsdienst Brugge - Services Janssens helpt bij verstoppingen door heel Brugge,nearby_cities_service,Wij bieden ook diensten in Oostkamp Zedelgem en Jabbeke,postal_code_region_info,Ontstoppingsdienst actief in 8000 Brugge met meer dan 3 jaar ervaring,local_landmarks_reference,Nabij Brugge Markt Belfort en Begijnhof,localized_testimonial_faq,Veel klanten in Brugge vragen ons: Kunnen jullie in het historisch centrum komen?,directions_map_text,Vanuit Brugge bereikbaar via A10 - Services Janssens komt binnen 50 minuten,emergency_cta_city,Bel onze Brugge expert 24/7: 0460 96 68 12 voor spoedgevallen
Baarle,city_name_repetition,Ontstoppingsdienst Baarle - Services Janssens lost alle leidingproblemen op in Baarle,nearby_cities_service,Wij bieden ook diensten in Merksplas Hoogstraten en Rijkevorsel,postal_code_region_info,Ontstoppingsdienst actief in 2387 Baarle met meer dan 3 jaar ervaring,local_landmarks_reference,Nabij Baarle centrum en grensgebied Nederland,localized_testimonial_faq,Veel klanten in Baarle vragen ons: Werken jullie aan beide kanten van de grens?,directions_map_text,Vanuit Baarle bereikbaar via N119 - Services Janssens komt binnen 45 minuten,emergency_cta_city,Bel onze Baarle expert 24/7: 0460 96 68 12 voor spoedgevallen
Baarle-Hertog,city_name_repetition,Ontstoppingsdienst Baarle-Hertog - Services Janssens helpt snel in Baarle-Hertog,nearby_cities_service,Wij bieden ook diensten in Baarle-Nassau Merksplas en Hoogstraten,postal_code_region_info,Ontstoppingsdienst actief in 2387 Baarle-Hertog met meer dan 3 jaar ervaring,local_landmarks_reference,Nabij Baarle-Hertog centrum en Nederlandse enclaves,localized_testimonial_faq,Veel klanten in Baarle-Hertog vragen ons: Hoe werkt het met de bijzondere grens?,directions_map_text,Vanuit Baarle-Hertog bereikbaar via N284 - Services Janssens komt binnen 45 minuten,emergency_cta_city,Bel onze Baarle-Hertog expert 24/7: 0460 96 68 12 voor spoedgevallen
Balen,city_name_repetition,Ontstoppingsdienst Balen - Services Janssens biedt snelle ontstopping in heel Balen,nearby_cities_service,Wij bieden ook diensten in Mol Dessel en Geel,postal_code_region_info,Ontstoppingsdienst actief in 2490 Balen met meer dan 3 jaar ervaring,local_landmarks_reference,Nabij Balen centrum en Kempens Kanaal,localized_testimonial_faq,Veel klanten in Balen vragen ons: Hoe snel kunnen jullie een WC ontstoppen?,directions_map_text,Vanuit Balen bereikbaar via A13 - Services Janssens komt binnen 40 minuten,emergency_cta_city,Bel onze Balen expert 24/7: 0460 96 68 12 voor spoedgevallen
Beerse,city_name_repetition,Ontstoppingsdienst Beerse - Services Janssens lost alle verstoppingen op in Beerse,nearby_cities_service,Wij bieden ook diensten in Vosselaar Lille en Turnhout,postal_code_region_info,Ontstoppingsdienst actief in 2340 Beerse met meer dan 3 jaar ervaring,local_landmarks_reference,Nabij Beerse centrum en Janssen Pharmaceutica,localized_testimonial_faq,Veel klanten in Beerse vragen ons: Werken jullie ook voor bedrijven?,directions_map_text,Vanuit Beerse bereikbaar via A21 - Services Janssens komt binnen 35 minuten,emergency_cta_city,Bel onze Beerse expert 24/7: 0460 96 68 12 voor spoedgevallen
Beerzel,city_name_repetition,Ontstoppingsdienst Beerzel - Services Janssens helpt bij leidingproblemen in Beerzel,nearby_cities_service,Wij bieden ook diensten in Putte Berlaar en Lier,postal_code_region_info,Ontstoppingsdienst actief in 2580 Beerzel met meer dan 3 jaar ervaring,local_landmarks_reference,Nabij Beerzel dorpskern en Nete rivier,localized_testimonial_faq,Veel klanten in Beerzel vragen ons: Kunnen jullie ook rioolproblemen oplossen?,directions_map_text,Vanuit Beerzel bereikbaar via N10 - Services Janssens komt binnen 35 minuten,emergency_cta_city,Bel onze Beerzel expert 24/7: 0460 96 68 12 voor spoedgevallen
Berchem,city_name_repetition,Ontstoppingsdienst Berchem - Services Janssens biedt snelle hulp in Berchem,nearby_cities_service,Wij bieden ook diensten in Antwerpen Mortsel en Borgerhout,postal_code_region_info,Ontstoppingsdienst actief in 2600 Berchem met meer dan 3 jaar ervaring,local_landmarks_reference,Nabij Berchem Station en Cogels-Osylei,localized_testimonial_faq,Veel klanten in Berchem vragen ons: Hoe lang duurt een gemiddelde interventie?,directions_map_text,Vanuit Berchem bereikbaar via Ring Antwerpen - Services Janssens komt binnen 20 minuten,emergency_cta_city,Bel onze Berchem expert 24/7: 0460 96 68 12 voor spoedgevallen
Berendrecht,city_name_repetition,Ontstoppingsdienst Berendrecht - Services Janssens lost verstoppingen op in Berendrecht,nearby_cities_service,Wij bieden ook diensten in Zandvliet Lillo en Stabroek,postal_code_region_info,Ontstoppingsdienst actief in 2040 Berendrecht met meer dan 3 jaar ervaring,local_landmarks_reference,Nabij Berendrecht haven en poldergebied,localized_testimonial_faq,Veel klanten in Berendrecht vragen ons: Werken jullie ook in havengebieden?,directions_map_text,Vanuit Berendrecht bereikbaar via A12 - Services Janssens komt binnen 30 minuten,emergency_cta_city,Bel onze Berendrecht expert 24/7: 0460 96 68 12 voor spoedgevallen
Berlaar,city_name_repetition,Ontstoppingsdienst Berlaar - Services Janssens helpt snel bij verstoppingen in Berlaar,nearby_cities_service,Wij bieden ook diensten in Nijlen Lier en Heist-op-den-Berg,postal_code_region_info,Ontstoppingsdienst actief in 2590 Berlaar met meer dan 3 jaar ervaring,local_landmarks_reference,Nabij Berlaar centrum en Donkmeer recreatiegebied,localized_testimonial_faq,Veel klanten in Berlaar vragen ons: Wat zijn jullie tarieven voor weekends?,directions_map_text,Vanuit Berlaar bereikbaar via A13 - Services Janssens komt binnen 30 minuten,emergency_cta_city,Bel onze Berlaar expert 24/7: 0460 96 68 12 voor spoedgevallen
Berlaar-Heikant,city_name_repetition,Ontstoppingsdienst Berlaar-Heikant - Services Janssens biedt ontstopping in Berlaar-Heikant,nearby_cities_service,Wij bieden ook diensten in Berlaar Nijlen en Zandhoven,postal_code_region_info,Ontstoppingsdienst actief in 2590 Berlaar-Heikant met meer dan 3 jaar ervaring,local_landmarks_reference,Nabij Berlaar-Heikant woonwijken en industriegebied,localized_testimonial_faq,Veel klanten in Berlaar-Heikant vragen ons: Doen jullie ook preventief onderhoud?,directions_map_text,Vanuit Berlaar-Heikant bereikbaar via N14 - Services Janssens komt binnen 35 minuten,emergency_cta_city,Bel onze Berlaar-Heikant expert 24/7: 0460 96 68 12 voor spoedgevallen
Bevel,city_name_repetition,Ontstoppingsdienst Bevel - Services Janssens lost leidingproblemen op in Bevel,nearby_cities_service,Wij bieden ook diensten in Nijlen Zandhoven en Wijnegem,postal_code_region_info,Ontstoppingsdienst actief in 2580 Bevel met meer dan 3 jaar ervaring,local_landmarks_reference,Nabij Bevel centrum en Fort van Bevel,localized_testimonial_faq,Veel klanten in Bevel vragen ons: Hoe kunnen we verstoppingen voorkomen?,directions_map_text,Vanuit Bevel bereikbaar via A1 - Services Janssens komt binnen 25 minuten,emergency_cta_city,Bel onze Bevel expert 24/7: 0460 96 68 12 voor spoedgevallen
Blaasveld,city_name_repetition,Ontstoppingsdienst Blaasveld - Services Janssens helpt bij verstoppingen in Blaasveld,nearby_cities_service,Wij bieden ook diensten in Willebroek Bornem en Puurs,postal_code_region_info,Ontstoppingsdienst actief in 2850 Blaasveld met meer dan 3 jaar ervaring,local_landmarks_reference,Nabij Blaasveld centrum en Rupel rivier,localized_testimonial_faq,Veel klanten in Blaasveld vragen ons: Kunnen jullie ook buitenleidingen ontstoppen?,directions_map_text,Vanuit Blaasveld bereikbaar via A12 - Services Janssens komt binnen 35 minuten,emergency_cta_city,Bel onze Blaasveld expert 24/7: 0460 96 68 12 voor spoedgevallen
Boechout,city_name_repetition,Ontstoppingsdienst Boechout - Services Janssens biedt snelle ontstopping in Boechout,nearby_cities_service,Wij bieden ook diensten in Vremde Schelle en Hemiksem,postal_code_region_info,Ontstoppingsdienst actief in 2530 Boechout met meer dan 3 jaar ervaring,local_landmarks_reference,Nabij Boechout centrum en Oude Schelde,localized_testimonial_faq,Veel klanten in Boechout vragen ons: Werken jullie ook 's avonds?,directions_map_text,Vanuit Boechout bereikbaar via A12 - Services Janssens komt binnen 25 minuten,emergency_cta_city,Bel onze Boechout expert 24/7: 0460 96 68 12 voor spoedgevallen
Bonheiden,city_name_repetition,Ontstoppingsdienst Bonheiden - Services Janssens lost verstoppingen op in Bonheiden,nearby_cities_service,Wij bieden ook diensten in Rijmenam Putte en Mechelen,postal_code_region_info,Ontstoppingsdienst actief in 2820 Bonheiden met meer dan 3 jaar ervaring,local_landmarks_reference,Nabij Bonheiden centrum en Nete vallei,localized_testimonial_faq,Veel klanten in Bonheiden vragen ons: Wat is inbegrepen in jullie service?,directions_map_text,Vanuit Bonheiden bereikbaar via A13 - Services Janssens komt binnen 30 minuten,emergency_cta_city,Bel onze Bonheiden expert 24/7: 0460 96 68 12 voor spoedgevallen
Bonheiden-Putsesteenweg,city_name_repetition,Ontstoppingsdienst Bonheiden-Putsesteenweg - Services Janssens helpt in Bonheiden-Putsesteenweg,nearby_cities_service,Wij bieden ook diensten in Bonheiden Putte en Lier,postal_code_region_info,Ontstoppingsdienst actief in 2820 Bonheiden-Putsesteenweg met meer dan 3 jaar ervaring,local_landmarks_reference,Nabij Putsesteenweg en lokale woonwijken,localized_testimonial_faq,Veel klanten in Bonheiden-Putsesteenweg vragen ons: Hoe snel zijn jullie ter plaatse?,directions_map_text,Vanuit Bonheiden-Putsesteenweg bereikbaar via N10 - Services Janssens komt binnen 30 minuten,emergency_cta_city,Bel onze Bonheiden-Putsesteenweg expert 24/7: 0460 96 68 12 voor spoedgevallen
Booischot,city_name_repetition,Ontstoppingsdienst Booischot - Services Janssens biedt ontstopping in Booischot,nearby_cities_service,Wij bieden ook diensten in Heist-op-den-Berg Itegem en Hallaar,postal_code_region_info,Ontstoppingsdienst actief in 2221 Booischot met meer dan 3 jaar ervaring,local_landmarks_reference,Nabij Booischot centrum en lokale bedrijvenzone,localized_testimonial_faq,Veel klanten in Booischot vragen ons: Doen jullie ook camera-inspecties?,directions_map_text,Vanuit Booischot bereikbaar via A13 - Services Janssens komt binnen 35 minuten,emergency_cta_city,Bel onze Booischot expert 24/7: 0460 96 68 12 voor spoedgevallen
Boom,city_name_repetition,Ontstoppingsdienst Boom - Services Janssens lost snel verstoppingen op in Boom,nearby_cities_service,Wij bieden ook diensten in Rumst Niel en Schelle,postal_code_region_info,Ontstoppingsdienst actief in 2850 Boom met meer dan 3 jaar ervaring,local_landmarks_reference,Nabij Boom centrum en Rupel rivier,localized_testimonial_faq,Veel klanten in Boom vragen ons: Kunnen jullie ook in het weekend komen?,directions_map_text,Vanuit Boom bereikbaar via A12 - Services Janssens komt binnen 25 minuten,emergency_cta_city,Bel onze Boom expert 24/7: 0460 96 68 12 voor spoedgevallen
Borgerhout,city_name_repetition,Ontstoppingsdienst Borgerhout - Services Janssens helpt snel in Borgerhout,nearby_cities_service,Wij bieden ook diensten in Antwerpen Deurne en Berchem,postal_code_region_info,Ontstoppingsdienst actief in 2140 Borgerhout met meer dan 3 jaar ervaring,local_landmarks_reference,Nabij Borgerhout centrum en Turnhoutsebaan,localized_testimonial_faq,Veel klanten in Borgerhout vragen ons: Werken jullie ook voor appartementen?,directions_map_text,Vanuit Borgerhout bereikbaar via Ring Antwerpen - Services Janssens komt binnen 20 minuten,emergency_cta_city,Bel onze Borgerhout expert 24/7: 0460 96 68 12 voor spoedgevallen
Bornem,city_name_repetition,Ontstoppingsdienst Bornem - Services Janssens biedt professionele ontstopping in Bornem,nearby_cities_service,Wij bieden ook diensten in Puurs Temse en Sint-Amands,postal_code_region_info,Ontstoppingsdienst actief in 2880 Bornem met meer dan 3 jaar ervaring,local_landmarks_reference,Nabij Bornem centrum en Schelde rivier,localized_testimonial_faq,Veel klanten in Bornem vragen ons: Hoe voorkomen we terugkerende verstoppingen?,directions_map_text,Vanuit Bornem bereikbaar via A12 - Services Janssens komt binnen 30 minuten,emergency_cta_city,Bel onze Bornem expert 24/7: 0460 96 68 12 voor spoedgevallen
Borsbeek,city_name_repetition,Ontstoppingsdienst Borsbeek - Services Janssens lost verstoppingen op in Borsbeek,nearby_cities_service,Wij bieden ook diensten in Mortsel Wommelgem en Schilde,postal_code_region_info,Ontstoppingsdienst actief in 2150 Borsbeek met meer dan 3 jaar ervaring,local_landmarks_reference,Nabij Borsbeek centrum en provinciedomein,localized_testimonial_faq,Veel klanten in Borsbeek vragen ons: Wat kost een spoedinterventie?,directions_map_text,Vanuit Borsbeek bereikbaar via A1 - Services Janssens komt binnen 25 minuten,emergency_cta_city,Bel onze Borsbeek expert 24/7: 0460 96 68 12 voor spoedgevallen
Bouwel,city_name_repetition,Ontstoppingsdienst Bouwel - Services Janssens helpt bij leidingproblemen in Bouwel,nearby_cities_service,Wij bieden ook diensten in Grobbendonk Herentals en Westerlo,postal_code_region_info,Ontstoppingsdienst actief in 2540 Bouwel met meer dan 3 jaar ervaring,local_landmarks_reference,Nabij Bouwel centrum en Kleine Nete,localized_testimonial_faq,Veel klanten in Bouwel vragen ons: Hoe lang duurt een WC ontstopping?,directions_map_text,Vanuit Bouwel bereikbaar via A13 - Services Janssens komt binnen 40 minuten,emergency_cta_city,Bel onze Bouwel expert 24/7: 0460 96 68 12 voor spoedgevallen
Branst,city_name_repetition,Ontstoppingsdienst Branst - Services Janssens biedt ontstopping in Branst,nearby_cities_service,Wij bieden ook diensten in Bornem Puurs en Willebroek,postal_code_region_info,Ontstoppingsdienst actief in 2880 Branst met meer dan 3 jaar ervaring,local_landmarks_reference,Nabij Branst dorpskern en omliggende landbouwgebieden,localized_testimonial_faq,Veel klanten in Branst vragen ons: Werken jullie ook op het platteland?,directions_map_text,Vanuit Branst bereikbaar via N16 - Services Janssens komt binnen 35 minuten,emergency_cta_city,Bel onze Branst expert 24/7: 0460 96 68 12 voor spoedgevallen
Brasschaat,city_name_repetition,Ontstoppingsdienst Brasschaat - Services Janssens lost snel verstoppingen op in Brasschaat,nearby_cities_service,Wij bieden ook diensten in Schoten Kapellen en Wuustwezel,postal_code_region_info,Ontstoppingsdienst actief in 2930 Brasschaat met meer dan 3 jaar ervaring,local_landmarks_reference,Nabij Brasschaat centrum en Peerdsbos,localized_testimonial_faq,Veel klanten in Brasschaat vragen ons: Kunnen jullie ook septische putten legen?,directions_map_text,Vanuit Brasschaat bereikbaar via A1 - Services Janssens komt binnen 30 minuten,emergency_cta_city,Bel onze Brasschaat expert 24/7: 0460 96 68 12 voor spoedgevallen
Brecht,city_name_repetition,Ontstoppingsdienst Brecht - Services Janssens helpt bij verstoppingen in Brecht,nearby_cities_service,Wij bieden ook diensten in Wuustwezel Schilde en Sint-Lenaarts,postal_code_region_info,Ontstoppingsdienst actief in 2960 Brecht met meer dan 3 jaar ervaring,local_landmarks_reference,Nabij Brecht centrum en Schietveld Brasschaat,localized_testimonial_faq,Veel klanten in Brecht vragen ons: Werken jullie ook voor nieuwbouwwoningen?,directions_map_text,Vanuit Brecht bereikbaar via A1 - Services Janssens komt binnen 35 minuten,emergency_cta_city,Bel onze Brecht expert 24/7: 0460 96 68 12 voor spoedgevallen
Breendonk,city_name_repetition,Ontstoppingsdienst Breendonk - Services Janssens biedt snelle hulp in Breendonk,nearby_cities_service,Wij bieden ook diensten in Puurs Willebroek en Mechelen,postal_code_region_info,Ontstoppingsdienst actief in 2830 Breendonk met meer dan 3 jaar ervaring,local_landmarks_reference,Nabij Fort van Breendonk en Schelde rivier,localized_testimonial_faq,Veel klanten in Breendonk vragen ons: Hoe snel kunnen jullie een riool ontstoppen?,directions_map_text,Vanuit Breendonk bereikbaar via A12 - Services Janssens komt binnen 25 minuten,emergency_cta_city,Bel onze Breendonk expert 24/7: 0460 96 68 12 voor spoedgevallen
Broechem,city_name_repetition,Ontstoppingsdienst Broechem - Services Janssens lost leidingproblemen op in Broechem,nearby_cities_service,Wij bieden ook diensten in Ranst Zandhoven en Wijnegem,postal_code_region_info,Ontstoppingsdienst actief in 2520 Broechem met meer dan 3 jaar ervaring,local_landmarks_reference,Nabij Broechem centrum en natuurgebied De Schorre,localized_testimonial_faq,Veel klanten in Broechem vragen ons: Wat zijn de kosten voor een afvoer ontstoppen?,directions_map_text,Vanuit Broechem bereikbaar via A1 - Services Janssens komt binnen 30 minuten,emergency_cta_city,Bel onze Broechem expert 24/7: 0460 96 68 12 voor spoedgevallen
Burcht,city_name_repetition,Ontstoppingsdienst Burcht - Services Janssens helpt snel in Burcht,nearby_cities_service,Wij bieden ook diensten in Zwijndrecht Beveren en Antwerpen,postal_code_region_info,Ontstoppingsdienst actief in 2070 Burcht met meer dan 3 jaar ervaring,local_landmarks_reference,Nabij Burcht centrum en Schelde oever,localized_testimonial_faq,Veel klanten in Burcht vragen ons: Kunnen jullie ook badkamerafvoeren ontstoppen?,directions_map_text,Vanuit Burcht bereikbaar via A12 - Services Janssens komt binnen 25 minuten,emergency_cta_city,Bel onze Burcht expert 24/7: 0460 96 68 12 voor spoedgevallen
Corsendonk,city_name_repetition,Ontstoppingsdienst Corsendonk - Services Janssens biedt ontstopping in Corsendonk,nearby_cities_service,Wij bieden ook diensten in Turnhout Oud-Turnhout en Beerse,postal_code_region_info,Ontstoppingsdienst actief in 2360 Corsendonk met meer dan 3 jaar ervaring,local_landmarks_reference,Nabij Corsendonk Priory en bosgebieden,localized_testimonial_faq,Veel klanten in Corsendonk vragen ons: Werken jullie ook in afgelegener gebieden?,directions_map_text,Vanuit Corsendonk bereikbaar via N118 - Services Janssens komt binnen 40 minuten,emergency_cta_city,Bel onze Corsendonk expert 24/7: 0460 96 68 12 voor spoedgevallen
Dessel,city_name_repetition,Ontstoppingsdienst Dessel - Services Janssens lost verstoppingen op in Dessel,nearby_cities_service,Wij bieden ook diensten in Mol Balen en Retie,postal_code_region_info,Ontstoppingsdienst actief in 2480 Dessel met meer dan 3 jaar ervaring,local_landmarks_reference,Nabij Dessel centrum en Kempisch Kanaal,localized_testimonial_faq,Veel klanten in Dessel vragen ons: Hoe lang is de garantie op jullie werk?,directions_map_text,Vanuit Dessel bereikbaar via A13 - Services Janssens komt binnen 45 minuten,emergency_cta_city,Bel onze Dessel expert 24/7: 0460 96 68 12 voor spoedgevallen
Deurne,city_name_repetition,Ontstoppingsdienst Deurne - Services Janssens helpt snel bij verstoppingen in Deurne,nearby_cities_service,Wij bieden ook diensten in Antwerpen Borgerhout en Wommelgem,postal_code_region_info,Ontstoppingsdienst actief in 2100 Deurne met meer dan 3 jaar ervaring,local_landmarks_reference,Nabij Deurne centrum en Rivierenhof,localized_testimonial_faq,Veel klanten in Deurne vragen ons: Kunnen jullie vandaag nog langskomen?,directions_map_text,Vanuit Deurne bereikbaar via Ring Antwerpen - Services Janssens komt binnen 20 minuten,emergency_cta_city,Bel onze Deurne expert 24/7: 0460 96 68 12 voor spoedgevallen
Dreef,city_name_repetition,Ontstoppingsdienst Dreef - Services Janssens biedt ontstopping in Dreef,nearby_cities_service,Wij bieden ook diensten in Hoogstraten Merksplas en Rijkevorsel,postal_code_region_info,Ontstoppingsdienst actief in 2321 Dreef met meer dan 3 jaar ervaring,local_landmarks_reference,Nabij Dreef woonwijk en lokale bossen,localized_testimonial_faq,Veel klanten in Dreef vragen ons: Werken jullie ook 's nachts?,directions_map_text,Vanuit Dreef bereikbaar via N11 - Services Janssens komt binnen 40 minuten,emergency_cta_city,Bel onze Dreef expert 24/7: 0460 96 68 12 voor spoedgevallen
Duffel,city_name_repetition,Ontstoppingsdienst Duffel - Services Janssens lost snel leidingproblemen op in Duffel,nearby_cities_service,Wij bieden ook diensten in Mechelen Lier en Sint-Katelijne-Waver,postal_code_region_info,Ontstoppingsdienst actief in 2570 Duffel met meer dan 3 jaar ervaring,local_landmarks_reference,Nabij Duffel centrum en Nete rivier,localized_testimonial_faq,Veel klanten in Duffel vragen ons: Wat is de snelste manier om jullie te bereiken?,directions_map_text,Vanuit Duffel bereikbaar via A13 - Services Janssens komt binnen 25 minuten,emergency_cta_city,Bel onze Duffel expert 24/7: 0460 96 68 12 voor spoedgevallen
Edegem,city_name_repetition,Ontstoppingsdienst Edegem - Services Janssens helpt bij verstoppingen in Edegem,nearby_cities_service,Wij bieden ook diensten in Kontich Hove en Mortsel,postal_code_region_info,Ontstoppingsdienst actief in 2650 Edegem met meer dan 3 jaar ervaring,local_landmarks_reference,Nabij Edegem centrum en UZA ziekenhuis,localized_testimonial_faq,Veel klanten in Edegem vragen ons: Kunnen jullie ook keukengootstenen ontstoppen?,directions_map_text,Vanuit Edegem bereikbaar via Ring Antwerpen - Services Janssens komt binnen 25 minuten,emergency_cta_city,Bel onze Edegem expert 24/7: 0460 96 68 12 voor spoedgevallen
Eindhout,city_name_repetition,Ontstoppingsdienst Eindhout - Services Janssens biedt snelle hulp in Eindhout,nearby_cities_service,Wij bieden ook diensten in Laakdal Vorselaar en Herentals,postal_code_region_info,Ontstoppingsdienst actief in 2431 Eindhout met meer dan 3 jaar ervaring,local_landmarks_reference,Nabij Eindhout centrum en Albertkanaal,localized_testimonial_faq,Veel klanten in Eindhout vragen ons: Hoe kunnen we verstoppingen in de toekomst voorkomen?,directions_map_text,Vanuit Eindhout bereikbaar via N19 - Services Janssens komt binnen 40 minuten,emergency_cta_city,Bel onze Eindhout expert 24/7: 0460 96 68 12 voor spoedgevallen
Ekeren,city_name_repetition,Ontstoppingsdienst Ekeren - Services Janssens lost verstoppingen op in Ekeren,nearby_cities_service,Wij bieden ook diensten in Stabroek Kapellen en Brasschaat,postal_code_region_info,Ontstoppingsdienst actief in 2180 Ekeren met meer dan 3 jaar ervaring,local_landmarks_reference,Nabij Ekeren centrum en haven van Antwerpen,localized_testimonial_faq,Veel klanten in Ekeren vragen ons: Werken jullie ook in havengebieden?,directions_map_text,Vanuit Ekeren bereikbaar via A12 - Services Janssens komt binnen 25 minuten,emergency_cta_city,Bel onze Ekeren expert 24/7: 0460 96 68 12 voor spoedgevallen
Emblem,city_name_repetition,Ontstoppingsdienst Emblem - Services Janssens helpt bij leidingproblemen in Emblem,nearby_cities_service,Wij bieden ook diensten in Ranst Oelegem en Schilde,postal_code_region_info,Ontstoppingsdienst actief in 2520 Emblem met meer dan 3 jaar ervaring,local_landmarks_reference,Nabij Emblem dorpskern en Molenbeek rivier,localized_testimonial_faq,Veel klanten in Emblem vragen ons: Hoe snel kunnen jullie een toilet ontstoppen?,directions_map_text,Vanuit Emblem bereikbaar via A1 - Services Janssens komt binnen 30 minuten,emergency_cta_city,Bel onze Emblem expert 24/7: 0460 96 68 12 voor spoedgevallen
Essen,city_name_repetition,Ontstoppingsdienst Essen - Services Janssens biedt ontstopping in Essen,nearby_cities_service,Wij bieden ook diensten in Kalmthout Wuustwezel en Roosendaal,postal_code_region_info,Ontstoppingsdienst actief in 2910 Essen met meer dan 3 jaar ervaring,local_landmarks_reference,Nabij Essen centrum en grens met Nederland,localized_testimonial_faq,Veel klanten in Essen vragen ons: Werken jullie ook vlak bij de Nederlandse grens?,directions_map_text,Vanuit Essen bereikbaar via A58 - Services Janssens komt binnen 40 minuten,emergency_cta_city,Bel onze Essen expert 24/7: 0460 96 68 12 voor spoedgevallen
Ezaart,city_name_repetition,Ontstoppingsdienst Ezaart - Services Janssens lost snel verstoppingen op in Ezaart,nearby_cities_service,Wij bieden ook diensten in Meer Hoogstraten en Merksplas,postal_code_region_info,Ontstoppingsdienst actief in 2321 Ezaart met meer dan 3 jaar ervaring,local_landmarks_reference,Nabij Ezaart woongebied en omliggende landbouwgronden,localized_testimonial_faq,Veel klanten in Ezaart vragen ons: Doen jullie ook rioolreiniging?,directions_map_text,Vanuit Ezaart bereikbaar via N11 - Services Janssens komt binnen 45 minuten,emergency_cta_city,Bel onze Ezaart expert 24/7: 0460 96 68 12 voor spoedgevallen
Gent,city_name_repetition,Ontstoppingsdienst Gent - Services Janssens biedt professionele ontstopping in heel Gent,nearby_cities_service,Wij bieden ook diensten in Merelbeke Destelbergen en Sint-Martens-Latem,postal_code_region_info,Ontstoppingsdienst actief in 9000 Gent met meer dan 3 jaar ervaring,local_landmarks_reference,Nabij Gent centrum Gravensteen en Korenmarkt,localized_testimonial_faq,Veel klanten in Gent vragen ons: Kunnen jullie ook in historische gebouwen werken?,directions_map_text,Vanuit Gent bereikbaar via E40 - Services Janssens komt binnen 45 minuten,emergency_cta_city,Bel onze Gent expert 24/7: 0460 96 68 12 voor spoedgevallen
Genk,city_name_repetition,Ontstoppingsdienst Genk - Services Janssens helpt bij verstoppingen in Genk,nearby_cities_service,Wij bieden ook diensten in Hasselt Bilzen en As,postal_code_region_info,Ontstoppingsdienst actief in 3600 Genk met meer dan 3 jaar ervaring,local_landmarks_reference,Nabij Genk centrum en C-mine cultuursite,localized_testimonial_faq,Veel klanten in Genk vragen ons: Werken jullie ook in Limburg?,directions_map_text,Vanuit Genk bereikbaar via E314 - Services Janssens komt binnen 60 minuten,emergency_cta_city,Bel onze Genk expert 24/7: 0460 96 68 12 voor spoedgevallen
Galgenberg,city_name_repetition,Ontstoppingsdienst Galgenberg - Services Janssens lost leidingproblemen op in Galgenberg,nearby_cities_service,Wij bieden ook diensten in Herentals Olen en Westerlo,postal_code_region_info,Ontstoppingsdienst actief in 2200 Galgenberg met meer dan 3 jaar ervaring,local_landmarks_reference,Nabij Galgenberg woonwijk en industriegebied,localized_testimonial_faq,Veel klanten in Galgenberg vragen ons: Kunnen jullie ook industriële leidingen ontstoppen?,directions_map_text,Vanuit Galgenberg bereikbaar via A13 - Services Janssens komt binnen 35 minuten,emergency_cta_city,Bel onze Galgenberg expert 24/7: 0460 96 68 12 voor spoedgevallen
Geel,city_name_repetition,Ontstoppingsdienst Geel - Services Janssens biedt snelle ontstopping in Geel,nearby_cities_service,Wij bieden ook diensten in Mol Olen en Meerhout,postal_code_region_info,Ontstoppingsdienst actief in 2440 Geel met meer dan 3 jaar ervaring,local_landmarks_reference,Nabij Geel centrum en Grote Markt,localized_testimonial_faq,Veel klanten in Geel vragen ons: Wat zijn jullie openingstijden?,directions_map_text,Vanuit Geel bereikbaar via A13 - Services Janssens komt binnen 40 minuten,emergency_cta_city,Bel onze Geel expert 24/7: 0460 96 68 12 voor spoedgevallen
Geel Punt,city_name_repetition,Ontstoppingsdienst Geel Punt - Services Janssens helpt in Geel Punt,nearby_cities_service,Wij bieden ook diensten in Geel Olen en Westerlo,postal_code_region_info,Ontstoppingsdienst actief in 2440 Geel Punt met meer dan 3 jaar ervaring,local_landmarks_reference,Nabij Geel Punt station en lokale bedrijven,localized_testimonial_faq,Veel klanten in Geel Punt vragen ons: Hoe lang duurt een rioolontstopping?,directions_map_text,Vanuit Geel Punt bereikbaar via N71 - Services Janssens komt binnen 40 minuten,emergency_cta_city,Bel onze Geel Punt expert 24/7: 0460 96 68 12 voor spoedgevallen
Gestel,city_name_repetition,Ontstoppingsdienst Gestel - Services Janssens lost verstoppingen op in Gestel,nearby_cities_service,Wij bieden ook diensten in Berlaar Lier en Nijlen,postal_code_region_info,Ontstoppingsdienst actief in 2590 Gestel met meer dan 3 jaar ervaring,local_landmarks_reference,Nabij Gestel centrum en Nete rivier,localized_testimonial_faq,Veel klanten in Gestel vragen ons: Kunnen jullie ook afvoerpijpen reinigen?,directions_map_text,Vanuit Gestel bereikbaar via A13 - Services Janssens komt binnen 30 minuten,emergency_cta_city,Bel onze Gestel expert 24/7: 0460 96 68 12 voor spoedgevallen
Gierle,city_name_repetition,Ontstoppingsdienst Gierle - Services Janssens biedt ontstopping in Gierle,nearby_cities_service,Wij bieden ook diensten in Lille Turnhout en Vorselaar,postal_code_region_info,Ontstoppingsdienst actief in 2275 Gierle met meer dan 3 jaar ervaring,local_landmarks_reference,Nabij Gierle centrum en Turnhouts Vennengebied,localized_testimonial_faq,Veel klanten in Gierle vragen ons: Werken jullie ook in natuurgebieden?,directions_map_text,Vanuit Gierle bereikbaar via N19 - Services Janssens komt binnen 40 minuten,emergency_cta_city,Bel onze Gierle expert 24/7: 0460 96 68 12 voor spoedgevallen
Ginderbuiten,city_name_repetition,Ontstoppingsdienst Ginderbuiten - Services Janssens helpt bij leidingproblemen in Ginderbuiten,nearby_cities_service,Wij bieden ook diensten in Mol Geel en Balen,postal_code_region_info,Ontstoppingsdienst actief in 2400 Ginderbuiten met meer dan 3 jaar ervaring,local_landmarks_reference,Nabij Ginderbuiten woonwijk en Molse Nete,localized_testimonial_faq,Veel klanten in Ginderbuiten vragen ons: Hoe voorkom ik verstoppingen in de keuken?,directions_map_text,Vanuit Ginderbuiten bereikbaar via A13 - Services Janssens komt binnen 45 minuten,emergency_cta_city,Bel onze Ginderbuiten expert 24/7: 0460 96 68 12 voor spoedgevallen
Grasheide,city_name_repetition,Ontstoppingsdienst Grasheide - Services Janssens lost snel verstoppingen op in Grasheide,nearby_cities_service,Wij bieden ook diensten in Geel Mol en Retie,postal_code_region_info,Ontstoppingsdienst actief in 2440 Grasheide met meer dan 3 jaar ervaring,local_landmarks_reference,Nabij Grasheide natuurgebied en lokale gemeenschap,localized_testimonial_faq,Veel klanten in Grasheide vragen ons: Kunnen jullie ook 's avonds komen?,directions_map_text,Vanuit Grasheide bereikbaar via N71 - Services Janssens komt binnen 40 minuten,emergency_cta_city,Bel onze Grasheide expert 24/7: 0460 96 68 12 voor spoedgevallen
's-Gravenwezel,city_name_repetition,Ontstoppingsdienst 's-Gravenwezel - Services Janssens biedt ontstopping in 's-Gravenwezel,nearby_cities_service,Wij bieden ook diensten in Schilde Brasschaat en Wijnegem,postal_code_region_info,Ontstoppingsdienst actief in 2970 's-Gravenwezel met meer dan 3 jaar ervaring,local_landmarks_reference,Nabij 's-Gravenwezel centrum en Schilde Bos,localized_testimonial_faq,Veel klanten in 's-Gravenwezel vragen ons: Werken jullie ook in bosrijke gebieden?,directions_map_text,Vanuit 's-Gravenwezel bereikbaar via A1 - Services Janssens komt binnen 30 minuten,emergency_cta_city,Bel onze 's-Gravenwezel expert 24/7: 0460 96 68 12 voor spoedgevallen
Grobbendonk,city_name_repetition,Ontstoppingsdienst Grobbendonk - Services Janssens helpt bij verstoppingen in Grobbendonk,nearby_cities_service,Wij bieden ook diensten in Herentals Vorselaar en Bouwel,postal_code_region_info,Ontstoppingsdienst actief in 2280 Grobbendonk met meer dan 3 jaar ervaring,local_landmarks_reference,Nabij Grobbendonk centrum en Kleine Nete,localized_testimonial_faq,Veel klanten in Grobbendonk vragen ons: Hoe snel zijn jullie er bij een noodgeval?,directions_map_text,Vanuit Grobbendonk bereikbaar via A13 - Services Janssens komt binnen 35 minuten,emergency_cta_city,Bel onze Grobbendonk expert 24/7: 0460 96 68 12 voor spoedgevallen
Hasselt,city_name_repetition,Ontstoppingsdienst Hasselt - Services Janssens biedt professionele ontstopping in Hasselt,nearby_cities_service,Wij bieden ook diensten in Genk Diepenbeek en Sint-Truiden,postal_code_region_info,Ontstoppingsdienst actief in 3500 Hasselt met meer dan 3 jaar ervaring,local_landmarks_reference,Nabij Hasselt centrum Grote Markt en Japanse Tuin,localized_testimonial_faq,Veel klanten in Hasselt vragen ons: Zijn jullie ook actief in heel Limburg?,directions_map_text,Vanuit Hasselt bereikbaar via E313 - Services Janssens komt binnen 60 minuten,emergency_cta_city,Bel onze Hasselt expert 24/7: 0460 96 68 12 voor spoedgevallen